Cohort_month,0,1,2,3,4,5,6,7,8,9,10,11,12,13,14,15,16,17,18,19,20,21,22,23,24,25,26,27,28,29
19-01,-45174.06318800017,319274.1624170001,75349.122708,119558.2540649998,56015.56568299998,84405.38764700001,72409.41043400006,19846.795611999994,23015.656220999997,49134.57083200003,48080.858382999984,58655.70777299993,120783.48633599989,123544.63151300006,58050.46361699999,25999.515996000002,49085.06843200003,70139.1040059999,37392.894225,38025.10087999998,39563.272594,84057.67393200006,28228.116806999984,143769.2582029999,99635.5779999999,36569.22000000002,83819.46599999996,95258.49880000004,-4141.80439999999,163855.5295999999
19-02,64286.94931500001,-5306.744667000079,84376.76315899983,54022.84930999995,16479.558629,50382.65550499999,63035.554234,45521.17205799999,49638.41227999995,32943.76233000002,34992.23182399998,63436.8149539998,32220.221156999978,43948.68079800004,23673.002375000015,34948.17345499998,41845.55065599996,43770.318694999965,86452.47589600002,46996.349084999994,42483.55829099999,89739.39593900017,149855.2383679998,24203.080399999995,25428.212400000004,35665.23280000003,-344011.39360000007,41121.85839999997,-216.26759999998922,
19-03,9621.029342000096,9057.641974999999,78400.70125099986,43047.33552600001,97633.76392899992,64416.798604999996,66296.93201200002,107678.781635,172955.03199900003,75859.66784499995,6778.527345000003,94145.37854600002,7986.287326000018,37195.65592000002,59940.022684,25465.347858999994,13721.418923000008,31995.521810999988,46940.71862500001,35674.975803999994,39841.83782600004,38450.878117,42242.142400000026,51091.61800000005,45101.590800000005,58429.73320000001,41620.39040000005,-425264.21799999994,,
19-04,149187.09964599914,99655.85471300008,39147.401232,51926.333126999976,36117.20883900001,17302.982504000003,7860.449067999997,-23742.938006000037,43647.126352,-4972.685675999993,44762.73454599998,28080.695863000026,-195.6230340000002,4696.7883120000015,52297.18719400001,28996.328804,61384.30962799999,62092.33331000001,63612.64848900002,63893.671872999985,71019.40218000008,36238.11440000003,32316.82799999999,22566.23399999999,26574.924400000007,55578.52559999999,48661.39120000002,,,
19-05,134330.58661399956,130430.92676000003,127224.73112899996,8800.172818999938,121979.0542380001,108884.663962,93972.530402,-226749.2587180001,95295.64120600001,60157.94627500008,74924.32584400002,-78809.37837299999,69654.97501599998,11643.972715,1504.946117999985,297578.3387659995,269691.39657799975,70999.05300799994,87878.37009599996,214369.9869680001,53780.805599999985,107765.11839999996,25632.46520000001,-138827.89160000003,189129.84479999988,81344.60160000002,,,,
19-06,-10144.05534199999,16277.876016999997,81366.977405,21887.061986,40620.097943,12569.396223,40792.486990999925,-1768.1369149999941,35896.37459099999,84276.14886799996,1998.111610999995,89663.67331099992,25015.44817699999,25571.180550000012,52868.93441599999,47502.73716200003,28229.696378999994,-7078.992276999973,48157.99206400002,20813.793999999998,50518.361199999985,23004.252,34020.854000000014,32911.411199999995,-1332.1232000000107,,,,,
19-07,6797.606710000046,75044.31434299996,76057.83551999995,22822.725932999976,100328.94368899988,35918.62550399995,97114.65694999998,68098.04523300001,21375.351953,9301.129784999992,93628.66974400001,24874.761445000004,39617.71926300003,52268.763261999986,15618.576897999996,49038.381434000024,26809.923606999975,119006.12549200002,20433.0148,75284.5016,16010.803600000017,21564.47360000001,6948.415200000003,40287.5828,,,,,,
19-08,-66259.07897000015,185356.05383100003,194636.29897999996,298220.7144209996,143945.30988899988,87928.8727599999,88.99430800000508,64900.78472299999,8729.82744500004,20192.42914300003,34604.330283999996,40011.48462899997,50423.077815,-13097.768152000022,-48660.816304000014,25418.59879599999,70352.20280099995,-1332.2816000000046,43746.31119999998,46966.61519999999,60089.10720000003,29573.23759999999,97181.8168,,,,,,,
19-09,-69310.1468069999,108698.36986599986,241961.87036599996,439033.1010389998,55703.636009,39578.40586699999,56675.520795000004,-24622.465496999986,59651.49192399999,36485.31607799999,12260.805996000017,47645.748041999985,29302.699487999995,43916.31919499999,77674.23257599998,112116.48607100005,102350.3384000001,50022.51039999998,41270.836800000034,-151988.8368,78196.35079999994,118472.78519999994,,,,,,,,
19-10,-37435.41347399995,162395.623507,-152414.93910800057,18832.104788000044,104407.73749900013,79813.15699200003,20961.80293599998,51645.37543899996,46993.785859999996,13851.988978000009,171409.51892799992,39081.82400400002,76565.92350799992,123212.60957900001,158121.20056999996,207603.33519999988,182467.9895999999,3938.4736000000776,209684.76080000008,32705.228800000023,-42369.97840000011,,,,,,,,,
19-11,-190301.5034080004,81797.02680300006,89853.59846499976,170588.77278499983,-20975.952267999928,42850.93421800002,64451.970765999984,33453.55220500001,85624.20252299999,47906.76344600004,97391.30407899996,13059.549360999972,69946.53302500001,253439.75138700017,104288.81119999995,93809.32879999999,87563.89599999996,95734.76560000001,-2647.5551999999852,73981.35800000007,,,,,,,,,,
19-12,-58539.74100399999,127938.31560500014,95704.819224,38212.58652699998,-95553.20755100001,46196.263975000016,90119.81642799996,39897.898804999946,62788.897016000024,104086.82638499996,36802.453705999986,87435.11508700006,94194.6018210001,59190.01080000003,69466.70280000013,58513.1456,-32898.903999999995,13488.655600000013,20735.236400000013,,,,,,,,,,,
20-01,-123283.76648499997,194112.17422099973,70025.94342500008,53373.682045000016,90940.90487599997,114514.47079699993,277030.1272800001,176122.38997299987,157353.07794899997,164823.81763899984,56075.16044999992,91385.25187800004,36655.29160000001,101394.57119999999,87136.80159999992,119369.48720000006,60846.78479999999,65895.89119999995,,,,,,,,,,,,
20-02,-307058.0989209999,53280.70935500007,-65361.84072600002,42812.060850000016,43057.78851499997,67770.60528899998,57793.88333999999,10776.576248999985,78680.47051300002,57754.82605900001,94869.03960999992,108216.54319999991,67173.19680000002,-15230.296000000013,29918.571200000017,89797.46640000002,240743.9367999999,,,,,,,,,,,,,
20-03,-90449.58057499932,228622.3412989997,115361.25023700001,64577.99873200004,86873.40195899992,49747.201663000014,56788.31177899998,45521.93240100004,124576.54101199994,96476.56589299989,45912.986799999955,56468.522000000026,-4548.528800000004,67880.76839999994,38378.16959999993,43715.71320000002,,,,,,,,,,,,,,
20-04,-69599.03600299894,91079.91228999985,59985.589052999974,103056.57702200003,44235.747344999974,21563.30670899999,22720.53232499999,84865.57706300006,10812.239462999994,50290.192800000004,24698.512399999985,-517352.6151999996,76224.58119999999,55971.633599999994,13075.516800000001,,,,,,,,,,,,,,,
20-05,-102316.00238900047,-67001.95764000001,79539.08179699992,85815.30216899994,81939.896605,98566.66176099997,70942.68333700005,-74749.78565399998,14989.685200000005,45212.989199999996,40426.08399999998,66344.55680000002,55732.15319999997,46516.819199999976,,,,,,,,,,,,,,,,
20-06,-56350.972817999966,-192257.21828900013,72044.17143699998,-30641.434957999973,155094.51172800004,16187.033912999994,60968.76960799997,54072.660800000034,51585.577200000014,51676.55039999996,90043.96839999997,47793.64279999999,-13859.584399999978,,,,,,,,,,,,,,,,,
20-07,-154547.57708500008,56453.549104999984,94785.07559599992,114015.96770599991,51392.08080800002,64143.03063700003,49841.323600000025,66497.12120000001,63809.01439999998,63322.21600000002,132073.27719999995,88680.95479999996,,,,,,,,,,,,,,,,,,
20-08,-143985.19257700018,43507.32572199996,51545.74246099997,98411.29667099997,71494.37234500003,41298.31240000001,139453.14999999988,63215.34639999995,-19304.824000000008,55770.403600000034,105605.96479999996,,,,,,,,,,,,,,,,,,,
20-09,-90573.11008700023,409054.28667000006,9711.368279999939,249368.2499669999,52004.63800000001,32454.92039999997,32459.66880000006,84313.22880000004,88717.1896,167690.16199999992,,,,,,,,,,,,,,,,,,,,
20-10,238545.4672009991,17049.02370699976,234179.64728499984,186404.27479999975,225521.00959999993,121104.33799999955,335290.5075999999,159540.91319999984,237690.4672000001,,,,,,,,,,,,,,,,,,,,,
20-11,-190779.23261599996,450752.36400400044,356485.43279999995,171530.7855999995,75882.50519999956,329245.46468000003,221801.3607999998,154706.7184399998,,,,,,,,,,,,,,,,,,,,,,
20-12,202766.5088659998,141286.90999999992,90482.15120000004,14577.719999999901,85279.35679999994,184529.84199999983,136267.10159999997,,,,,,,,,,,,,,,,,,,,,,,
21-01,-102294.2000000002,130631.8748,186164.4287999998,196479.9539999999,186884.39239999984,61119.57960000005,,,,,,,,,,,,,,,,,,,,,,,,
21-02,-257257.28359999985,126609.02079999943,162510.08495999986,118991.76920000014,76509.04079999987,,,,,,,,,,,,,,,,,,,,,,,,,
21-03,-509316.63839999994,425670.9432,228390.3096,-57344.12759999984,,,,,,,,,,,,,,,,,,,,,,,,,,
21-04,-259281.89388000136,379906.9887999998,200736.90439999997,,,,,,,,,,,,,,,,,,,,,,,,,,,
21-05,-93571.0440000003,269197.0175999996,,,,,,,,,,,,,,,,,,,,,,,,,,,,
21-06,-263475.67639999965,,,,,,,,,,,,,,,,,,,,,,,,,,,,,
